{
  "run_id": "dispatch_sim_run001",
  "n_eval": 1600,
  "battery": {
    "capacity_kwh": 40.0,
    "max_power_kw": 10.0,
    "eff_charge": 0.95,
    "eff_discharge": 0.95,
    "deg_per_kwh": 0.05,
    "soc_init_kwh": 20.0,
    "interval_h": 0.08333333333333333
  },
  "strata_counts": {
    "spike": 543,
    "low": 591,
    "normal": 466,
    "all": 1600
  },
  "elapsed_seconds": 91.05398988723755,
  "results_by_stratum": {
    "spike": {
      "n": 543,
      "revenue": {
        "oracle": {
          "mean": 5.174903705273177,
          "median": 2.169001258214315,
          "p25": 1.6310482053756714,
          "p75": 2.6980326410929365,
          "total": 2809.9727119633353
        },
        "p5min": {
          "mean": 4.9460884189070375,
          "median": 2.1366964359283442,
          "p25": 1.5650359484354652,
          "p75": 2.6809596468607584,
          "total": 2685.7260114665214
        },
        "lgbm_q50": {
          "mean": 4.941909879980092,
          "median": 2.1366964359283442,
          "p25": 1.5650359484354652,
          "p75": 2.6721800724665323,
          "total": 2683.45706482919
        }
      },
      "regret_vs_oracle": {
        "p5min": {
          "mean": 0.22881528636614046,
          "median": 0.0,
          "p25": 0.0,
          "p75": 0.0,
          "total": 124.24670049681427
        },
        "lgbm_q50": {
          "mean": 0.23299382529308474,
          "median": 0.0,
          "p25": 0.0,
          "p75": 0.0,
          "total": 126.51564713414501
        }
      },
      "lgbm_improvement_vs_p5min": {
        "mean": -0.004178538926944249,
        "median": 0.0,
        "p25": 0.0,
        "p75": 0.0,
        "total": -2.268946637330727
      },
      "lgbm_regret_reduction_pct": -1.8261624882255294
    },
    "low": {
      "n": 591,
      "revenue": {
        "oracle": {
          "mean": 0.08003592470656393,
          "median": 0.0,
          "p25": 0.0,
          "p75": 0.02879853725433347,
          "total": 47.30123150157928
        },
        "p5min": {
          "mean": 0.026237518498619845,
          "median": 0.0,
          "p25": 0.0,
          "p75": 0.0,
          "total": 15.506373432684327
        },
        "lgbm_q50": {
          "mean": 0.04363284948302373,
          "median": 0.0,
          "p25": 0.0,
          "p75": 0.0,
          "total": 25.78701404446703
        }
      },
      "regret_vs_oracle": {
        "p5min": {
          "mean": 0.05379840620794409,
          "median": 0.0,
          "p25": 0.0,
          "p75": 0.03452291651566823,
          "total": 31.794858068894957
        },
        "lgbm_q50": {
          "mean": 0.03640307522354019,
          "median": 0.0,
          "p25": 0.0,
          "p75": 0.010347751935323073,
          "total": 21.514217457112252
        }
      },
      "lgbm_improvement_vs_p5min": {
        "mean": 0.0173953309844039,
        "median": 0.0,
        "p25": 0.0,
        "p75": 0.0,
        "total": 10.280640611782704
      },
      "lgbm_regret_reduction_pct": 32.33428685074175
    },
    "normal": {
      "n": 466,
      "revenue": {
        "oracle": {
          "mean": 0.608181909107855,
          "median": 0.5736095825831096,
          "p25": 0.16551570312182107,
          "p75": 0.9370625053246817,
          "total": 283.41276964426044
        },
        "p5min": {
          "mean": 0.5853395125565239,
          "median": 0.5625778514544169,
          "p25": 0.07641273162762326,
          "p75": 0.9370625053246817,
          "total": 272.76821285134014
        },
        "lgbm_q50": {
          "mean": 0.5893377716745845,
          "median": 0.566791961034139,
          "p25": 0.0998491288026174,
          "p75": 0.9370625053246817,
          "total": 274.63140160035636
        }
      },
      "regret_vs_oracle": {
        "p5min": {
          "mean": 0.022842396551331044,
          "median": 0.0,
          "p25": 0.0,
          "p75": 0.004452394564946491,
          "total": 10.644556792920266
        },
        "lgbm_q50": {
          "mean": 0.018844137433270482,
          "median": 0.0,
          "p25": 0.0,
          "p75": 0.0,
          "total": 8.781368043904045
        }
      },
      "lgbm_improvement_vs_p5min": {
        "mean": 0.0039982591180605575,
        "median": 0.0,
        "p25": 0.0,
        "p75": 0.0,
        "total": 1.8631887490162198
      },
      "lgbm_regret_reduction_pct": 17.50367615357584
    },
    "all": {
      "n": 1600,
      "revenue": {
        "oracle": {
          "mean": 1.9629291956932342,
          "median": 0.5638327016830443,
          "p25": 0.0,
          "p75": 1.7342664219538373,
          "total": 3140.686713109175
        },
        "p5min": {
          "mean": 1.8587503735940911,
          "median": 0.43776573093732185,
          "p25": 0.0,
          "p75": 1.702851961930593,
          "total": 2974.0005977505457
        },
        "lgbm_q50": {
          "mean": 1.8649221752962586,
          "median": 0.4596283092498779,
          "p25": 0.0,
          "p75": 1.702851961930593,
          "total": 2983.875480474014
        }
      },
      "regret_vs_oracle": {
        "p5min": {
          "mean": 0.10417882209914346,
          "median": 0.0,
          "p25": 0.0,
          "p75": 0.004937500000000002,
          "total": 166.68611535862954
        },
        "lgbm_q50": {
          "mean": 0.09800702039697581,
          "median": 0.0,
          "p25": 0.0,
          "p75": 0.0,
          "total": 156.8112326351613
        }
      },
      "lgbm_improvement_vs_p5min": {
        "mean": 0.006171801702167623,
        "median": 0.0,
        "p25": 0.0,
        "p75": 0.0,
        "total": 9.874882723468197
      },
      "lgbm_regret_reduction_pct": 5.924238321963511
    }
  }
}