bucket,n,coverage,mean_width,median_width
overall,487775,0.5925231920455127,64.1309191643192,52.48676673323567
1-6h,105384,0.586948682912017,57.03349597340445,44.76213534981282
14-30h,206981,0.5922282721602465,68.161950455732,53.97894933919272
30h+,34898,0.5812654020287695,62.624665273336205,54.51011137327066
6-14h,140512,0.5999345251651105,63.89017962684889,51.701803042806006
